{
    "Logistic Regression": {
        "1.0": {
            "precision": 0.9851190476190477,
            "recall": 0.9969879518072289,
            "f1-score": 0.9910179640718563,
            "support": 332.0
        },
        "2.0": {
            "precision": 0.9818181818181818,
            "recall": 0.9152542372881356,
            "f1-score": 0.9473684210526316,
            "support": 59.0
        },
        "3.0": {
            "precision": 1.0,
            "recall": 1.0,
            "f1-score": 1.0,
            "support": 35.0
        },
        "accuracy": 0.9859154929577465,
        "macro avg": {
            "precision": 0.9889790764790765,
            "recall": 0.9707473963651214,
            "f1-score": 0.9794621283748293,
            "support": 426.0
        },
        "weighted avg": {
            "precision": 0.985884498912668,
            "recall": 0.9859154929577465,
            "f1-score": 0.9857105655257313,
            "support": 426.0
        }
    },
    "Decision Tree": {
        "1.0": {
            "precision": 0.9791666666666666,
            "recall": 0.9909638554216867,
            "f1-score": 0.9850299401197604,
            "support": 332.0
        },
        "2.0": {
            "precision": 0.9454545454545454,
            "recall": 0.8813559322033898,
            "f1-score": 0.9122807017543859,
            "support": 59.0
        },
        "3.0": {
            "precision": 1.0,
            "recall": 1.0,
            "f1-score": 1.0,
            "support": 35.0
        },
        "accuracy": 0.9765258215962441,
        "macro avg": {
            "precision": 0.9748737373737374,
            "recall": 0.9574399292083587,
            "f1-score": 0.9657702139580487,
            "support": 426.0
        },
        "weighted avg": {
            "precision": 0.9762092758571632,
            "recall": 0.9765258215962441,
            "f1-score": 0.9761842758762188,
            "support": 426.0
        }
    },
    "KNN": {
        "1.0": {
            "precision": 0.9821958456973294,
            "recall": 0.9969879518072289,
            "f1-score": 0.9895366218236173,
            "support": 332.0
        },
        "2.0": {
            "precision": 1.0,
            "recall": 0.8983050847457628,
            "f1-score": 0.9464285714285715,
            "support": 59.0
        },
        "3.0": {
            "precision": 0.9722222222222222,
            "recall": 1.0,
            "f1-score": 0.9859154929577464,
            "support": 35.0
        },
        "accuracy": 0.9835680751173709,
        "macro avg": {
            "precision": 0.9848060226398506,
            "recall": 0.9650976788509972,
            "f1-score": 0.9739602287366451,
            "support": 426.0
        },
        "weighted avg": {
            "precision": 0.9838422501157069,
            "recall": 0.9835680751173709,
            "f1-score": 0.9832687474489384,
            "support": 426.0
        }
    }
}